A;Austria;Europe;http://en.wikipedia.org/wiki/Austria
AFG;Afghanistan;Asia;http://en.wikipedia.org/wiki/Afghanistan
AG;Antigua and Barbuda;North America;http://en.wikipedia.org/wiki/Antigua_and_Barbuda
AL;Albania;Europe;http://en.wikipedia.org/wiki/Albania
AM;Armenia;Europe;http://en.wikipedia.org/wiki/Armenia
AND;Andorra;Europe;http://en.wikipedia.org/wiki/Andorra
ANG;Angola;Africa;http://en.wikipedia.org/wiki/Angola
ARK;Antarctica;Antarctica;http://en.wikipedia.org/wiki/Antarctica
AUA;Aruba;North America;http://en.wikipedia.org/wiki/Aruba
ARU;Aruba;North America;http://en.wikipedia.org/wiki/Aruba
AUS;Australia;Australia / Oceania;http://en.wikipedia.org/wiki/Australia
AX;Åland Islands;Europe;http://en.wikipedia.org/wiki/Aland_Islands
AXA;Anguilla;North America;http://en.wikipedia.org/wiki/Anguilla
AZ;Azerbaijan;Europe;http://en.wikipedia.org/wiki/Azerbaijan
B;Belgium;Europe;http://en.wikipedia.org/wiki/Belgium
BD;Bangladesh;Asia;http://en.wikipedia.org/wiki/Bangladesh
BDS;Barbados;North America;http://en.wikipedia.org/wiki/Barbados
BF;Burkina Faso;Africa;http://en.wikipedia.org/wiki/Burkina_Faso
BG;Bulgaria;Europe;http://en.wikipedia.org/wiki/Bulgaria
BH;Belize;North America;http://en.wikipedia.org/wiki/Belize
BHT;Bhutan;Asia;http://en.wikipedia.org/wiki/Bhutan
BIH;Bosnia and Herzegovina;Europe;http://en.wikipedia.org/wiki/Bosnia_and_Herzegovina
BOL;Bolivia;South America;http://en.wikipedia.org/wiki/Bolivia
BR;Brazil;South America;http://en.wikipedia.org/wiki/Brazil
BRN;Bahrain;Asia;http://en.wikipedia.org/wiki/Bahrain
BRU;Brunei;Asia;http://en.wikipedia.org/wiki/Brunei
BS;Bahamas;North America;http://en.wikipedia.org/wiki/Bahamas
BUR;Burma (Myanmar);Asia;http://en.wikipedia.org/wiki/Burma
BVI;British Virgin Islands;North America;http://en.wikipedia.org/wiki/British_Virgin_Islands
BW;Botswana;Africa;http://en.wikipedia.org/wiki/Botswana
BY;Belarus;Europe;http://en.wikipedia.org/wiki/Belarus
BZ;Belize;North America;http://en.wikipedia.org/wiki/Belize
C;Cuba;North America;http://en.wikipedia.org/wiki/Cuba
CAM;Cameroon;Africa;http://en.wikipedia.org/wiki/Cameroon
CDN;Canada;North America;http://en.wikipedia.org/wiki/Canada
CH;Switzerland;Europe;http://en.wikipedia.org/wiki/Switzerland
CI;Ivory Coast;Africa;http://en.wikipedia.org/wiki/Ivory_Coast
CL;Sri Lanka;Asia;http://en.wikipedia.org/wiki/Sri_Lanka
CN;People's Republic of China;Asia;http://en.wikipedia.org/wiki/People%27s_Republic_of_China
CO;Colombia;South America;http://en.wikipedia.org/wiki/Colombia
COM;Comoros;Africa;http://en.wikipedia.org/wiki/Comoros
CR;Costa Rica;North America;http://en.wikipedia.org/wiki/Costa_Rica
CV;Cape Verde;Africa;http://en.wikipedia.org/wiki/Cape_Verde
CY;Cyprus;Europe;http://en.wikipedia.org/wiki/Cyprus
CYM;Wales;Europe;http://en.wikipedia.org/wiki/Wales
CZ;Czech Republic;Europe;http://en.wikipedia.org/wiki/Czech_Republic
D;Germany;Europe;http://en.wikipedia.org/wiki/Germany
DJI;Djibouti;Africa;http://en.wikipedia.org/wiki/Djibouti
DK;Denmark;Europe;http://en.wikipedia.org/wiki/Denmark
DOM;Dominican Republic;North America;http://en.wikipedia.org/wiki/Dominican_Republic
DY;Benin (Dahomey);Africa;http://en.wikipedia.org/wiki/Benin
DZ;Algeria (Dzayer);Africa;http://en.wikipedia.org/wiki/Algeria
E;Spain;Europe;http://en.wikipedia.org/wiki/Spain
EAK;Kenya;Africa;http://en.wikipedia.org/wiki/Kenya
EAT;Tanzania;Africa;http://en.wikipedia.org/wiki/Tanzania
EAU;Uganda;Africa;http://en.wikipedia.org/wiki/Uganda
EAZ;Zanzibar;Africa;http://en.wikipedia.org/wiki/Zanzibar
EC;Ecuador;South America;http://en.wikipedia.org/wiki/Ecuador
ENG;England;Europe;http://en.wikipedia.org/wiki/England
ER;Eritrea;Africa;http://en.wikipedia.org/wiki/Eritrea
ES;El Salvador;North America;http://en.wikipedia.org/wiki/El_Salvador
EST;Estonia;Europe;http://en.wikipedia.org/wiki/Estonia
ET;Egypt;Africa;http://en.wikipedia.org/wiki/Egypt
ETH;Ethiopia;Africa;http://en.wikipedia.org/wiki/Ethiopia
F;France;Europe;http://en.wikipedia.org/wiki/France
FIN;Finland;Europe;http://en.wikipedia.org/wiki/Finland
FJI;Fiji;Oceania;http://en.wikipedia.org/wiki/Fiji
FL;Liechtenstein;Europe;http://en.wikipedia.org/wiki/Liechtenstein
FO;Faroe Islands;Europe;http://en.wikipedia.org/wiki/Faroe_Islands
FSM;Federated States of Micronesia;Oceania;http://en.wikipedia.org/wiki/Federated_States_of_Micronesia
G;Gabon;Africa;http://en.wikipedia.org/wiki/Gabon
GB;United Kingdom;Europe;http://en.wikipedia.org/wiki/United_Kingdom
GBA;Alderney;Europe;http://en.wikipedia.org/wiki/Alderney
GBG;Guernsey;Europe;http://en.wikipedia.org/wiki/Guernsey
GBJ;Jersey;Europe;http://en.wikipedia.org/wiki/Jersey
GBM;Isle of Man;Europe;http://en.wikipedia.org/wiki/Isle_of_Man
GBZ;Gibraltar;Europe;http://en.wikipedia.org/wiki/Gibraltar
GCA;Guatemala;North America;http://en.wikipedia.org/wiki/Guatemala
GE;Georgia;Europe;http://en.wikipedia.org/wiki/Georgia_(country)
GH;Ghana;Africa;http://en.wikipedia.org/wiki/Ghana
GQ;Equatorial Guinea;Africa;http://en.wikipedia.org/wiki/Equatorial_Guinea
GR;Greece;Europe;http://en.wikipedia.org/wiki/Greece
GUY;Guyana;South America;http://en.wikipedia.org/wiki/Guyana
GW;Guinea-Bissau;Africa;http://en.wikipedia.org/wiki/Guinea-Bissau
RGB;Guinea-Bissau;Africa;http://en.wikipedia.org/wiki/Guinea-Bissau
H;Hungary;Europe;http://en.wikipedia.org/wiki/Hungary
HK;Hong Kong;Asia;http://en.wikipedia.org/wiki/Hong_Kong
HKJ;Jordan;Asia;http://en.wikipedia.org/wiki/Jordan
HN;Honduras;North America;http://en.wikipedia.org/wiki/Honduras
HR;Croatia;Europe;http://en.wikipedia.org/wiki/Croatia
I;Italy;Europe;http://en.wikipedia.org/wiki/Italy
IL;Israel;Asia;http://en.wikipedia.org/wiki/Israel
IND;India;Asia;http://en.wikipedia.org/wiki/India
IR;Iran;Asia;http://en.wikipedia.org/wiki/Iran
IRL;Republic of Ireland;Europe;http://en.wikipedia.org/wiki/Republic_of_Ireland
IRQ;Iraq;Asia;http://en.wikipedia.org/wiki/Iraq
IS;Iceland;Europe;http://en.wikipedia.org/wiki/Iceland
J;Japan;Asia;http://en.wikipedia.org/wiki/Japan
JA;Jamaica;North America;http://en.wikipedia.org/wiki/Jamaica
K;Cambodia;Asia;http://en.wikipedia.org/wiki/Cambodia
KAN;Saint Kitts and Nevis;North America;http://en.wikipedia.org/wiki/Saint_Kitts_and_Nevis
KIR;Kiribati;Oceania;http://en.wikipedia.org/wiki/Kiribati
KN;Greenland;North America;http://en.wikipedia.org/wiki/Greenland
GRO;Greenland;North America;http://en.wikipedia.org/wiki/Greenland
KP;Democratic People's Republic of Korea;Asia;http://en.wikipedia.org/wiki/Democratic_People%27s_Republic_of_Korea
KS;Kyrgyzstan;Asia;http://en.wikipedia.org/wiki/Kyrgyzstan
KSA;Saudi Arabia;Asia;http://en.wikipedia.org/wiki/Saudi_Arabia
KWT;Kuwait;Asia;http://en.wikipedia.org/wiki/Kuwait
KZ;Kazakhstan;Asia;http://en.wikipedia.org/wiki/Kazakhstan
L;Luxembourg;Europe;http://en.wikipedia.org/wiki/Luxembourg
LAO;Laos;Asia;http://en.wikipedia.org/wiki/Laos
LAR;Libya;Africa;http://en.wikipedia.org/wiki/Libya
LB;Liberia;Africa;http://en.wikipedia.org/wiki/Liberia
LS;Lesotho;Africa;http://en.wikipedia.org/wiki/Lesotho
LT;Lithuania;Europe;http://en.wikipedia.org/wiki/Lithuania
LV;Latvia;Europe;http://en.wikipedia.org/wiki/Latvia
M;Malta;Europe;http://en.wikipedia.org/wiki/Malta
MA;Morocco;Africa;http://en.wikipedia.org/wiki/Morocco
MAL;Malaysia;Asia;http://en.wikipedia.org/wiki/Malaysia
MC;Monaco;Europe;http://en.wikipedia.org/wiki/Monaco
MD;Moldova;Europe;http://en.wikipedia.org/wiki/Moldova
MEX;Mexico;North America;http://en.wikipedia.org/wiki/Mexico
MGL;Mongolia;Asia;http://en.wikipedia.org/wiki/Mongolia
MH;Marshall Islands;Oceania;http://en.wikipedia.org/wiki/Marshall_Islands
MK;Macedonia;Europe;http://en.wikipedia.org/wiki/Republic_of_Macedonia
MNE;Montenegro;Europe;http://en.wikipedia.org/wiki/Montenegro
MO;Macau;Asia;http://en.wikipedia.org/wiki/Macau
MOC;Mozambique;Africa;http://en.wikipedia.org/wiki/Mozambique
MS;Mauritius;Africa;http://en.wikipedia.org/wiki/Mauritius
MV;Maldives;Asia;http://en.wikipedia.org/wiki/Maldives
MW;Malawi;Africa;http://en.wikipedia.org/wiki/Malawi
N;Norway;Europe;http://en.wikipedia.org/wiki/Norway
NA;Netherlands Antilles;North America;http://en.wikipedia.org/wiki/Netherlands_Antilles
NAM;Namibia;Africa;http://en.wikipedia.org/wiki/Namibia
NAU;Nauru;Oceania;http://en.wikipedia.org/wiki/Nauru
NC;New Caledonia;Oceania;http://en.wikipedia.org/wiki/New_Caledonia
NEP;Nepal;Asia;http://en.wikipedia.org/wiki/Nepal
NI;Northern Ireland;Europe;http://en.wikipedia.org/wiki/Northern_Ireland
NIC;Nicaragua;North America;http://en.wikipedia.org/wiki/Nicaragua
NL;Netherlands;Europe;http://en.wikipedia.org/wiki/Netherlands_Antilles
NZ;New Zealand;Oceania;http://en.wikipedia.org/wiki/New_Zealand
OM;Oman;Asia;http://en.wikipedia.org/wiki/Oman
P;Portugal;Europe;http://en.wikipedia.org/wiki/Portugal
PA;Panama;North America;http://en.wikipedia.org/wiki/Panama
PAL;Palau;Oceania;http://en.wikipedia.org/wiki/Palau
PE;Peru;South America;http://en.wikipedia.org/wiki/Peru
PK;Pakistan;Asia;http://en.wikipedia.org/wiki/Pakistan
PL;Poland;Europe;http://en.wikipedia.org/wiki/Poland
PMR;Transnistria;Europe;http://en.wikipedia.org/wiki/Transnistria
PNG;Papua New Guinea;Oceania;http://en.wikipedia.org/wiki/Papua_New_Guinea
PR;Puerto Rico;North America;http://en.wikipedia.org/wiki/Puerto_Rico
PS;Palestine;Asia;http://en.wikipedia.org/wiki/Palestine
PY;Paraguay;South America;http://en.wikipedia.org/wiki/Paraguay
Q;Qatar;Asia;http://en.wikipedia.org/wiki/Qatar
RA;Argentina;South America;http://en.wikipedia.org/wiki/Argentina
RB;Botswana;Africa;http://en.wikipedia.org/wiki/Botswana
RC;Republic of China (Taiwan);Asia;http://en.wikipedia.org/wiki/Republic_of_China_(Taiwan)
RCA;Central African Republic;Africa;http://en.wikipedia.org/wiki/Central_African_Republic
RCB;Republic of Cong;Africa;http://en.wikipedia.org/wiki/Republic_of_Congo
RCH;Chile;South America;http://en.wikipedia.org/wiki/Chile
RG;Guinea;Africa;http://en.wikipedia.org/wiki/Guinea-Bissau
RH;Haiti;North America;http://en.wikipedia.org/wiki/Haiti
RI;Indonesia;Asia;http://en.wikipedia.org/wiki/Indonesia
RIM;Mauritania;Africa;http://en.wikipedia.org/wiki/Mauritania
RKS;Kosovo;Europe;http://en.wikipedia.org/wiki/Kosovo
RL;Lebanon;Asia;http://en.wikipedia.org/wiki/Lebanon
RM;Madagascar;Africa;http://en.wikipedia.org/wiki/Madagascar
RMM;Mali;Africa;http://en.wikipedia.org/wiki/Mali
RN;Niger;Africa;http://en.wikipedia.org/wiki/Niger
RO;Romania;Europe;http://en.wikipedia.org/wiki/Romania
ROK;Republic of Korea;Asia;http://en.wikipedia.org/wiki/Republic_of_Korea
RP;Philippines;Asia;http://en.wikipedia.org/wiki/Philippines
RSM;San Marino;Europe;http://en.wikipedia.org/wiki/San_Marino
RU;Burundi;Africa;http://en.wikipedia.org/wiki/Burundi
RUS;Russia;Asia;http://en.wikipedia.org/wiki/Russia
RWA;Rwanda;Africa;http://en.wikipedia.org/wiki/Rwanda
S;Sweden;Europe;http://en.wikipedia.org/wiki/Sweden
SCO;Scotland;Europe;http://en.wikipedia.org/wiki/Scotland
SD;Swaziland;Africa;http://en.wikipedia.org/wiki/Swaziland
SGP;Singapore;Asia;http://en.wikipedia.org/wiki/Singapore
SK;Slovakia;Europe;http://en.wikipedia.org/wiki/Slovakia
SLE;Sierra Leone;Africa;http://en.wikipedia.org/wiki/Sierra_Leone
SLO;Slovenia;Europe;http://en.wikipedia.org/wiki/Slovenia
SME;Suriname;South America;http://en.wikipedia.org/wiki/Suriname
SMOM;Sovereign Military Order of Malta;Europe;http://en.wikipedia.org/wiki/Sovereign_Military_Order_of_Malta
SN;Senegal;Africa;http://en.wikipedia.org/wiki/Senegal
SO;Somalia;Africa;http://en.wikipedia.org/wiki/Somalia
SOL;Solomon Islands;Oceania;http://en.wikipedia.org/wiki/Solomon_Islands
SRB;Serbia;Europe;http://en.wikipedia.org/wiki/Serbia
STP;São Tomé and Príncipe;Africa;http://en.wikipedia.org/wiki/S%C3%A3o_Tom%C3%A9_and_Pr%C3%ADncipe
SUD;Sudan;Africa;http://en.wikipedia.org/wiki/Sudan
SY;Seychelles;Africa;http://en.wikipedia.org/wiki/Seychelles
SYR;Syria;Asia;http://en.wikipedia.org/wiki/Syria
T;Thailand;Asia;http://en.wikipedia.org/wiki/Thailand
TCH;Chad;Africa;http://en.wikipedia.org/wiki/Chad
TD;Chad;Africa;http://en.wikipedia.org/wiki/Chad
TG;Togo;Africa;http://en.wikipedia.org/wiki/Togo
TJ;Tajikistan;Asia;http://en.wikipedia.org/wiki/Tajikistan
TL;Timor-Leste;Asia;http://en.wikipedia.org/wiki/Timor-Leste
TM;Turkmenistan;Asia;http://en.wikipedia.org/wiki/Turkmenistan
TN;Tunisia;Africa;http://en.wikipedia.org/wiki/Tunisia
TO;Tonga;Oceania;http://en.wikipedia.org/wiki/Tonga
TR;Turkey;Asia;http://en.wikipedia.org/wiki/Turkey
TS;Free Territory of Trieste;Europe;http://en.wikipedia.org/wiki/Free_Territory_of_Trieste
TT;Trinidad and Tobago;North America;http://en.wikipedia.org/wiki/Trinidad_and_Tobago
TUV;Tuvalu;Oceania;http://en.wikipedia.org/wiki/Tuvalu
UA;Ukraine;Europe;http://en.wikipedia.org/wiki/Ukraine
UAE;United Arab Emirates;Asia;http://en.wikipedia.org/wiki/United_Arab_Emirates
USA;United States of America;North America;http://en.wikipedia.org/wiki/United_States_of_America
UY;Uruguay;South America;http://en.wikipedia.org/wiki/Uruguay
UZ;Uzbekistan;Asia;http://en.wikipedia.org/wiki/Uzbekistan
V;Vatican City;Europe;http://en.wikipedia.org/wiki/Vatican_City
VN;Vietnam;Asia;http://en.wikipedia.org/wiki/Vietnam
VU;Vanuatu;Oceania;http://en.wikipedia.org/wiki/Vanuatu
WAG;Gambia;Africa;http://en.wikipedia.org/wiki/Gambia
WAL;Sierra Leone;Africa;http://en.wikipedia.org/wiki/Sierra_Leone
WAN;Nigeria;Africa;http://en.wikipedia.org/wiki/Nigeria
WD;Dominica;North America;http://en.wikipedia.org/wiki/Dominican_Republic
WG;Grenada;North America;http://en.wikipedia.org/wiki/Grenada
WL;Saint Lucia;North America;http://en.wikipedia.org/wiki/Saint_Lucia
WS;Samoa;Oceania;http://en.wikipedia.org/wiki/Samoa
WSA;Western Sahara;Africa;http://en.wikipedia.org/wiki/Western_Sahara
WV;Saint Vincent and the Grenadines;North America;http://en.wikipedia.org/wiki/Saint_Vincent_and_the_Grenadines
YAR;Yemen;Asia;http://en.wikipedia.org/wiki/Yemen
YV;Venezuela;South America;http://en.wikipedia.org/wiki/Venezuela
Z;Zambia;Africa;http://en.wikipedia.org/wiki/Zambia
ZA;South Africa;Africa;http://en.wikipedia.org/wiki/South_Africa
ZRE;Democratic Republic of the Congo;Africa;http://en.wikipedia.org/wiki/Democratic_Republic_of_the_Congo
ZW;Zimbabwe;Africa;http://en.wikipedia.org/wiki/Zimbabwe
